title,description,author,likes,comments,category
게시물 제목 1,이것은 게시물 1의 간단한 설명입니다.,작성자 4,8,0,리뷰
게시물 제목 2,이것은 게시물 2의 간단한 설명입니다.,작성자 20,37,26,리뷰
게시물 제목 3,이것은 게시물 3의 간단한 설명입니다.,작성자 9,65,43,리뷰
게시물 제목 4,이것은 게시물 4의 간단한 설명입니다.,작성자 3,49,40,부동산
게시물 제목 5,이것은 게시물 5의 간단한 설명입니다.,작성자 12,93,21,학생
게시물 제목 6,이것은 게시물 6의 간단한 설명입니다.,작성자 29,70,27,학생
게시물 제목 7,이것은 게시물 7의 간단한 설명입니다.,작성자 17,12,1,학생
게시물 제목 8,이것은 게시물 8의 간단한 설명입니다.,작성자 27,32,18,리뷰
게시물 제목 9,이것은 게시물 9의 간단한 설명입니다.,작성자 9,112,37,부동산
게시물 제목 10,이것은 게시물 10의 간단한 설명입니다.,작성자 13,21,42,학생
게시물 제목 11,이것은 게시물 11의 간단한 설명입니다.,작성자 17,13,50,부동산
게시물 제목 12,이것은 게시물 12의 간단한 설명입니다.,작성자 4,22,30,리뷰
게시물 제목 13,이것은 게시물 13의 간단한 설명입니다.,작성자 1,59,29,학생
게시물 제목 14,이것은 게시물 14의 간단한 설명입니다.,작성자 29,34,26,학생
게시물 제목 15,이것은 게시물 15의 간단한 설명입니다.,작성자 26,106,45,학생
게시물 제목 16,이것은 게시물 16의 간단한 설명입니다.,작성자 11,181,43,부동산
게시물 제목 17,이것은 게시물 17의 간단한 설명입니다.,작성자 2,46,37,부동산
게시물 제목 18,이것은 게시물 18의 간단한 설명입니다.,작성자 3,143,41,학생
게시물 제목 19,이것은 게시물 19의 간단한 설명입니다.,작성자 10,190,33,부동산
게시물 제목 20,이것은 게시물 20의 간단한 설명입니다.,작성자 18,2,27,부동산
게시물 제목 21,이것은 게시물 21의 간단한 설명입니다.,작성자 4,29,28,학생
게시물 제목 22,이것은 게시물 22의 간단한 설명입니다.,작성자 11,25,31,학생
게시물 제목 23,이것은 게시물 23의 간단한 설명입니다.,작성자 9,57,23,부동산
게시물 제목 24,이것은 게시물 24의 간단한 설명입니다.,작성자 20,124,5,리뷰
게시물 제목 25,이것은 게시물 25의 간단한 설명입니다.,작성자 20,163,17,학생
게시물 제목 26,이것은 게시물 26의 간단한 설명입니다.,작성자 6,118,19,리뷰
게시물 제목 27,이것은 게시물 27의 간단한 설명입니다.,작성자 9,136,1,부동산
게시물 제목 28,이것은 게시물 28의 간단한 설명입니다.,작성자 21,196,15,부동산
게시물 제목 29,이것은 게시물 29의 간단한 설명입니다.,작성자 18,48,16,학생
게시물 제목 30,이것은 게시물 30의 간단한 설명입니다.,작성자 16,96,34,학생
게시물 제목 31,이것은 게시물 31의 간단한 설명입니다.,작성자 5,41,38,부동산
게시물 제목 32,이것은 게시물 32의 간단한 설명입니다.,작성자 27,94,2,부동산
게시물 제목 33,이것은 게시물 33의 간단한 설명입니다.,작성자 6,22,40,리뷰
게시물 제목 34,이것은 게시물 34의 간단한 설명입니다.,작성자 9,165,50,학생
게시물 제목 35,이것은 게시물 35의 간단한 설명입니다.,작성자 29,106,18,리뷰
게시물 제목 36,이것은 게시물 36의 간단한 설명입니다.,작성자 30,89,19,부동산
게시물 제목 37,이것은 게시물 37의 간단한 설명입니다.,작성자 29,199,18,부동산
게시물 제목 38,이것은 게시물 38의 간단한 설명입니다.,작성자 2,89,19,리뷰
게시물 제목 39,이것은 게시물 39의 간단한 설명입니다.,작성자 10,192,50,학생
게시물 제목 40,이것은 게시물 40의 간단한 설명입니다.,작성자 21,98,35,리뷰
게시물 제목 41,이것은 게시물 41의 간단한 설명입니다.,작성자 24,176,16,리뷰
게시물 제목 42,이것은 게시물 42의 간단한 설명입니다.,작성자 1,165,39,학생
게시물 제목 43,이것은 게시물 43의 간단한 설명입니다.,작성자 12,69,48,부동산
게시물 제목 44,이것은 게시물 44의 간단한 설명입니다.,작성자 24,91,31,부동산
게시물 제목 45,이것은 게시물 45의 간단한 설명입니다.,작성자 30,96,41,학생
게시물 제목 46,이것은 게시물 46의 간단한 설명입니다.,작성자 1,93,3,학생
게시물 제목 47,이것은 게시물 47의 간단한 설명입니다.,작성자 20,125,30,부동산
게시물 제목 48,이것은 게시물 48의 간단한 설명입니다.,작성자 19,80,28,리뷰
게시물 제목 49,이것은 게시물 49의 간단한 설명입니다.,작성자 7,95,43,학생
게시물 제목 50,이것은 게시물 50의 간단한 설명입니다.,작성자 30,152,24,학생
게시물 제목 51,이것은 게시물 51의 간단한 설명입니다.,작성자 21,19,30,부동산
게시물 제목 52,이것은 게시물 52의 간단한 설명입니다.,작성자 4,143,18,부동산
게시물 제목 53,이것은 게시물 53의 간단한 설명입니다.,작성자 16,30,1,학생
게시물 제목 54,이것은 게시물 54의 간단한 설명입니다.,작성자 13,107,32,학생
게시물 제목 55,이것은 게시물 55의 간단한 설명입니다.,작성자 6,99,9,학생
게시물 제목 56,이것은 게시물 56의 간단한 설명입니다.,작성자 12,23,46,리뷰
게시물 제목 57,이것은 게시물 57의 간단한 설명입니다.,작성자 11,137,15,학생
게시물 제목 58,이것은 게시물 58의 간단한 설명입니다.,작성자 7,3,31,부동산
게시물 제목 59,이것은 게시물 59의 간단한 설명입니다.,작성자 2,173,45,학생
게시물 제목 60,이것은 게시물 60의 간단한 설명입니다.,작성자 22,199,10,학생
게시물 제목 61,이것은 게시물 61의 간단한 설명입니다.,작성자 11,20,41,부동산
게시물 제목 62,이것은 게시물 62의 간단한 설명입니다.,작성자 22,121,16,부동산
게시물 제목 63,이것은 게시물 63의 간단한 설명입니다.,작성자 25,143,28,부동산
게시물 제목 64,이것은 게시물 64의 간단한 설명입니다.,작성자 17,137,46,학생
게시물 제목 65,이것은 게시물 65의 간단한 설명입니다.,작성자 2,198,4,리뷰
게시물 제목 66,이것은 게시물 66의 간단한 설명입니다.,작성자 22,67,6,리뷰
게시물 제목 67,이것은 게시물 67의 간단한 설명입니다.,작성자 2,176,19,부동산
게시물 제목 68,이것은 게시물 68의 간단한 설명입니다.,작성자 6,87,35,부동산
게시물 제목 69,이것은 게시물 69의 간단한 설명입니다.,작성자 5,169,16,리뷰
게시물 제목 70,이것은 게시물 70의 간단한 설명입니다.,작성자 8,43,5,리뷰
게시물 제목 71,이것은 게시물 71의 간단한 설명입니다.,작성자 17,67,26,학생
게시물 제목 72,이것은 게시물 72의 간단한 설명입니다.,작성자 5,183,10,학생
게시물 제목 73,이것은 게시물 73의 간단한 설명입니다.,작성자 26,70,1,학생
게시물 제목 74,이것은 게시물 74의 간단한 설명입니다.,작성자 14,111,0,학생
게시물 제목 75,이것은 게시물 75의 간단한 설명입니다.,작성자 6,17,47,학생
게시물 제목 76,이것은 게시물 76의 간단한 설명입니다.,작성자 20,112,49,부동산
게시물 제목 77,이것은 게시물 77의 간단한 설명입니다.,작성자 19,83,10,학생
게시물 제목 78,이것은 게시물 78의 간단한 설명입니다.,작성자 17,142,36,부동산
게시물 제목 79,이것은 게시물 79의 간단한 설명입니다.,작성자 9,15,12,리뷰
게시물 제목 80,이것은 게시물 80의 간단한 설명입니다.,작성자 17,79,27,부동산
게시물 제목 81,이것은 게시물 81의 간단한 설명입니다.,작성자 4,37,25,학생
게시물 제목 82,이것은 게시물 82의 간단한 설명입니다.,작성자 13,69,18,리뷰
게시물 제목 83,이것은 게시물 83의 간단한 설명입니다.,작성자 7,60,44,부동산
게시물 제목 84,이것은 게시물 84의 간단한 설명입니다.,작성자 23,186,29,학생
게시물 제목 85,이것은 게시물 85의 간단한 설명입니다.,작성자 21,110,14,학생
게시물 제목 86,이것은 게시물 86의 간단한 설명입니다.,작성자 9,4,38,학생
게시물 제목 87,이것은 게시물 87의 간단한 설명입니다.,작성자 15,190,3,부동산
게시물 제목 88,이것은 게시물 88의 간단한 설명입니다.,작성자 3,19,34,부동산
게시물 제목 89,이것은 게시물 89의 간단한 설명입니다.,작성자 19,95,8,학생
게시물 제목 90,이것은 게시물 90의 간단한 설명입니다.,작성자 26,64,26,부동산
게시물 제목 91,이것은 게시물 91의 간단한 설명입니다.,작성자 20,128,20,부동산
게시물 제목 92,이것은 게시물 92의 간단한 설명입니다.,작성자 25,192,2,리뷰
게시물 제목 93,이것은 게시물 93의 간단한 설명입니다.,작성자 27,101,4,학생
게시물 제목 94,이것은 게시물 94의 간단한 설명입니다.,작성자 2,186,1,부동산
게시물 제목 95,이것은 게시물 95의 간단한 설명입니다.,작성자 16,85,14,리뷰
게시물 제목 96,이것은 게시물 96의 간단한 설명입니다.,작성자 15,120,30,부동산
게시물 제목 97,이것은 게시물 97의 간단한 설명입니다.,작성자 18,63,17,리뷰
게시물 제목 98,이것은 게시물 98의 간단한 설명입니다.,작성자 15,27,19,리뷰
게시물 제목 99,이것은 게시물 99의 간단한 설명입니다.,작성자 19,195,19,학생
게시물 제목 100,이것은 게시물 100의 간단한 설명입니다.,작성자 17,72,3,학생
게시물 제목 101,이것은 게시물 101의 간단한 설명입니다.,작성자 16,72,6,부동산
게시물 제목 102,이것은 게시물 102의 간단한 설명입니다.,작성자 9,151,5,학생
게시물 제목 103,이것은 게시물 103의 간단한 설명입니다.,작성자 18,29,33,학생
게시물 제목 104,이것은 게시물 104의 간단한 설명입니다.,작성자 12,193,24,부동산
게시물 제목 105,이것은 게시물 105의 간단한 설명입니다.,작성자 20,42,46,부동산
게시물 제목 106,이것은 게시물 106의 간단한 설명입니다.,작성자 30,80,5,학생
게시물 제목 107,이것은 게시물 107의 간단한 설명입니다.,작성자 22,1,49,리뷰
게시물 제목 108,이것은 게시물 108의 간단한 설명입니다.,작성자 13,138,41,리뷰
게시물 제목 109,이것은 게시물 109의 간단한 설명입니다.,작성자 21,138,35,학생
게시물 제목 110,이것은 게시물 110의 간단한 설명입니다.,작성자 2,119,47,학생
게시물 제목 111,이것은 게시물 111의 간단한 설명입니다.,작성자 14,40,19,학생
게시물 제목 112,이것은 게시물 112의 간단한 설명입니다.,작성자 5,73,15,학생
게시물 제목 113,이것은 게시물 113의 간단한 설명입니다.,작성자 1,173,26,리뷰
게시물 제목 114,이것은 게시물 114의 간단한 설명입니다.,작성자 27,16,33,리뷰
게시물 제목 115,이것은 게시물 115의 간단한 설명입니다.,작성자 6,93,25,부동산
게시물 제목 116,이것은 게시물 116의 간단한 설명입니다.,작성자 24,14,19,리뷰
게시물 제목 117,이것은 게시물 117의 간단한 설명입니다.,작성자 14,61,24,리뷰
게시물 제목 118,이것은 게시물 118의 간단한 설명입니다.,작성자 1,190,3,리뷰
게시물 제목 119,이것은 게시물 119의 간단한 설명입니다.,작성자 20,144,21,학생
게시물 제목 120,이것은 게시물 120의 간단한 설명입니다.,작성자 27,25,7,부동산
게시물 제목 121,이것은 게시물 121의 간단한 설명입니다.,작성자 10,79,31,부동산
게시물 제목 122,이것은 게시물 122의 간단한 설명입니다.,작성자 20,186,3,리뷰
게시물 제목 123,이것은 게시물 123의 간단한 설명입니다.,작성자 20,183,47,학생
게시물 제목 124,이것은 게시물 124의 간단한 설명입니다.,작성자 20,134,1,부동산
게시물 제목 125,이것은 게시물 125의 간단한 설명입니다.,작성자 30,4,5,리뷰
게시물 제목 126,이것은 게시물 126의 간단한 설명입니다.,작성자 8,170,29,학생
게시물 제목 127,이것은 게시물 127의 간단한 설명입니다.,작성자 16,97,0,리뷰
게시물 제목 128,이것은 게시물 128의 간단한 설명입니다.,작성자 2,90,11,부동산
게시물 제목 129,이것은 게시물 129의 간단한 설명입니다.,작성자 6,127,17,부동산
게시물 제목 130,이것은 게시물 130의 간단한 설명입니다.,작성자 25,156,43,학생
게시물 제목 131,이것은 게시물 131의 간단한 설명입니다.,작성자 17,193,38,학생
게시물 제목 132,이것은 게시물 132의 간단한 설명입니다.,작성자 19,102,47,리뷰
게시물 제목 133,이것은 게시물 133의 간단한 설명입니다.,작성자 20,136,20,리뷰
게시물 제목 134,이것은 게시물 134의 간단한 설명입니다.,작성자 15,55,8,리뷰
게시물 제목 135,이것은 게시물 135의 간단한 설명입니다.,작성자 6,46,42,리뷰
게시물 제목 136,이것은 게시물 136의 간단한 설명입니다.,작성자 17,69,5,부동산
게시물 제목 137,이것은 게시물 137의 간단한 설명입니다.,작성자 28,137,0,리뷰
게시물 제목 138,이것은 게시물 138의 간단한 설명입니다.,작성자 26,190,29,부동산
게시물 제목 139,이것은 게시물 139의 간단한 설명입니다.,작성자 21,121,5,학생
게시물 제목 140,이것은 게시물 140의 간단한 설명입니다.,작성자 7,121,12,학생
게시물 제목 141,이것은 게시물 141의 간단한 설명입니다.,작성자 30,148,50,학생
게시물 제목 142,이것은 게시물 142의 간단한 설명입니다.,작성자 16,129,46,부동산
게시물 제목 143,이것은 게시물 143의 간단한 설명입니다.,작성자 28,161,10,학생
게시물 제목 144,이것은 게시물 144의 간단한 설명입니다.,작성자 16,106,12,리뷰
게시물 제목 145,이것은 게시물 145의 간단한 설명입니다.,작성자 8,59,26,부동산
게시물 제목 146,이것은 게시물 146의 간단한 설명입니다.,작성자 29,36,20,학생
게시물 제목 147,이것은 게시물 147의 간단한 설명입니다.,작성자 3,51,41,부동산
게시물 제목 148,이것은 게시물 148의 간단한 설명입니다.,작성자 29,79,33,부동산
게시물 제목 149,이것은 게시물 149의 간단한 설명입니다.,작성자 6,88,18,리뷰
게시물 제목 150,이것은 게시물 150의 간단한 설명입니다.,작성자 8,44,40,학생
게시물 제목 1,이것은 게시물 1의 간단한 설명입니다.,작성자 4,8,0,리뷰
게시물 제목 2,이것은 게시물 2의 간단한 설명입니다.,작성자 20,37,26,리뷰
게시물 제목 3,이것은 게시물 3의 간단한 설명입니다.,작성자 9,65,43,리뷰
게시물 제목 4,이것은 게시물 4의 간단한 설명입니다.,작성자 3,49,40,부동산
게시물 제목 5,이것은 게시물 5의 간단한 설명입니다.,작성자 12,93,21,학생
게시물 제목 6,이것은 게시물 6의 간단한 설명입니다.,작성자 29,70,27,학생
게시물 제목 7,이것은 게시물 7의 간단한 설명입니다.,작성자 17,12,1,학생
게시물 제목 8,이것은 게시물 8의 간단한 설명입니다.,작성자 27,32,18,리뷰
게시물 제목 9,이것은 게시물 9의 간단한 설명입니다.,작성자 9,112,37,부동산
게시물 제목 10,이것은 게시물 10의 간단한 설명입니다.,작성자 13,21,42,학생
게시물 제목 11,이것은 게시물 11의 간단한 설명입니다.,작성자 17,13,50,부동산
게시물 제목 12,이것은 게시물 12의 간단한 설명입니다.,작성자 4,22,30,리뷰
게시물 제목 13,이것은 게시물 13의 간단한 설명입니다.,작성자 1,59,29,학생
게시물 제목 14,이것은 게시물 14의 간단한 설명입니다.,작성자 29,34,26,학생
게시물 제목 15,이것은 게시물 15의 간단한 설명입니다.,작성자 26,106,45,학생
게시물 제목 16,이것은 게시물 16의 간단한 설명입니다.,작성자 11,181,43,부동산
게시물 제목 17,이것은 게시물 17의 간단한 설명입니다.,작성자 2,46,37,부동산
게시물 제목 18,이것은 게시물 18의 간단한 설명입니다.,작성자 3,143,41,학생
게시물 제목 19,이것은 게시물 19의 간단한 설명입니다.,작성자 10,190,33,부동산
게시물 제목 20,이것은 게시물 20의 간단한 설명입니다.,작성자 18,2,27,부동산
게시물 제목 21,이것은 게시물 21의 간단한 설명입니다.,작성자 4,29,28,학생
게시물 제목 22,이것은 게시물 22의 간단한 설명입니다.,작성자 11,25,31,학생
게시물 제목 23,이것은 게시물 23의 간단한 설명입니다.,작성자 9,57,23,부동산
게시물 제목 24,이것은 게시물 24의 간단한 설명입니다.,작성자 20,124,5,리뷰
게시물 제목 25,이것은 게시물 25의 간단한 설명입니다.,작성자 20,163,17,학생
게시물 제목 26,이것은 게시물 26의 간단한 설명입니다.,작성자 6,118,19,리뷰
게시물 제목 27,이것은 게시물 27의 간단한 설명입니다.,작성자 9,136,1,부동산
게시물 제목 28,이것은 게시물 28의 간단한 설명입니다.,작성자 21,196,15,부동산
게시물 제목 29,이것은 게시물 29의 간단한 설명입니다.,작성자 18,48,16,학생
게시물 제목 30,이것은 게시물 30의 간단한 설명입니다.,작성자 16,96,34,학생
게시물 제목 31,이것은 게시물 31의 간단한 설명입니다.,작성자 5,41,38,부동산
게시물 제목 32,이것은 게시물 32의 간단한 설명입니다.,작성자 27,94,2,부동산
게시물 제목 33,이것은 게시물 33의 간단한 설명입니다.,작성자 6,22,40,리뷰
게시물 제목 34,이것은 게시물 34의 간단한 설명입니다.,작성자 9,165,50,학생
게시물 제목 35,이것은 게시물 35의 간단한 설명입니다.,작성자 29,106,18,리뷰
게시물 제목 36,이것은 게시물 36의 간단한 설명입니다.,작성자 30,89,19,부동산
게시물 제목 37,이것은 게시물 37의 간단한 설명입니다.,작성자 29,199,18,부동산
게시물 제목 38,이것은 게시물 38의 간단한 설명입니다.,작성자 2,89,19,리뷰
게시물 제목 39,이것은 게시물 39의 간단한 설명입니다.,작성자 10,192,50,학생
게시물 제목 40,이것은 게시물 40의 간단한 설명입니다.,작성자 21,98,35,리뷰
게시물 제목 41,이것은 게시물 41의 간단한 설명입니다.,작성자 24,176,16,리뷰
게시물 제목 42,이것은 게시물 42의 간단한 설명입니다.,작성자 1,165,39,학생
게시물 제목 43,이것은 게시물 43의 간단한 설명입니다.,작성자 12,69,48,부동산
게시물 제목 44,이것은 게시물 44의 간단한 설명입니다.,작성자 24,91,31,부동산
게시물 제목 45,이것은 게시물 45의 간단한 설명입니다.,작성자 30,96,41,학생
게시물 제목 46,이것은 게시물 46의 간단한 설명입니다.,작성자 1,93,3,학생
게시물 제목 47,이것은 게시물 47의 간단한 설명입니다.,작성자 20,125,30,부동산
게시물 제목 48,이것은 게시물 48의 간단한 설명입니다.,작성자 19,80,28,리뷰
게시물 제목 49,이것은 게시물 49의 간단한 설명입니다.,작성자 7,95,43,학생
게시물 제목 50,이것은 게시물 50의 간단한 설명입니다.,작성자 30,152,24,학생
게시물 제목 51,이것은 게시물 51의 간단한 설명입니다.,작성자 21,19,30,부동산
게시물 제목 52,이것은 게시물 52의 간단한 설명입니다.,작성자 4,143,18,부동산
게시물 제목 53,이것은 게시물 53의 간단한 설명입니다.,작성자 16,30,1,학생
게시물 제목 54,이것은 게시물 54의 간단한 설명입니다.,작성자 13,107,32,학생
게시물 제목 55,이것은 게시물 55의 간단한 설명입니다.,작성자 6,99,9,학생
게시물 제목 56,이것은 게시물 56의 간단한 설명입니다.,작성자 12,23,46,리뷰
게시물 제목 57,이것은 게시물 57의 간단한 설명입니다.,작성자 11,137,15,학생
게시물 제목 58,이것은 게시물 58의 간단한 설명입니다.,작성자 7,3,31,부동산
게시물 제목 59,이것은 게시물 59의 간단한 설명입니다.,작성자 2,173,45,학생
게시물 제목 60,이것은 게시물 60의 간단한 설명입니다.,작성자 22,199,10,학생
게시물 제목 61,이것은 게시물 61의 간단한 설명입니다.,작성자 11,20,41,부동산
게시물 제목 62,이것은 게시물 62의 간단한 설명입니다.,작성자 22,121,16,부동산
게시물 제목 63,이것은 게시물 63의 간단한 설명입니다.,작성자 25,143,28,부동산
게시물 제목 64,이것은 게시물 64의 간단한 설명입니다.,작성자 17,137,46,학생
게시물 제목 65,이것은 게시물 65의 간단한 설명입니다.,작성자 2,198,4,리뷰
게시물 제목 66,이것은 게시물 66의 간단한 설명입니다.,작성자 22,67,6,리뷰
게시물 제목 67,이것은 게시물 67의 간단한 설명입니다.,작성자 2,176,19,부동산
게시물 제목 68,이것은 게시물 68의 간단한 설명입니다.,작성자 6,87,35,부동산
게시물 제목 69,이것은 게시물 69의 간단한 설명입니다.,작성자 5,169,16,리뷰
게시물 제목 70,이것은 게시물 70의 간단한 설명입니다.,작성자 8,43,5,리뷰
게시물 제목 71,이것은 게시물 71의 간단한 설명입니다.,작성자 17,67,26,학생
게시물 제목 72,이것은 게시물 72의 간단한 설명입니다.,작성자 5,183,10,학생
게시물 제목 73,이것은 게시물 73의 간단한 설명입니다.,작성자 26,70,1,학생
게시물 제목 74,이것은 게시물 74의 간단한 설명입니다.,작성자 14,111,0,학생
게시물 제목 75,이것은 게시물 75의 간단한 설명입니다.,작성자 6,17,47,학생
게시물 제목 76,이것은 게시물 76의 간단한 설명입니다.,작성자 20,112,49,부동산
게시물 제목 77,이것은 게시물 77의 간단한 설명입니다.,작성자 19,83,10,학생
게시물 제목 78,이것은 게시물 78의 간단한 설명입니다.,작성자 17,142,36,부동산
게시물 제목 79,이것은 게시물 79의 간단한 설명입니다.,작성자 9,15,12,리뷰
게시물 제목 80,이것은 게시물 80의 간단한 설명입니다.,작성자 17,79,27,부동산
게시물 제목 81,이것은 게시물 81의 간단한 설명입니다.,작성자 4,37,25,학생
게시물 제목 82,이것은 게시물 82의 간단한 설명입니다.,작성자 13,69,18,리뷰
게시물 제목 83,이것은 게시물 83의 간단한 설명입니다.,작성자 7,60,44,부동산
게시물 제목 84,이것은 게시물 84의 간단한 설명입니다.,작성자 23,186,29,학생
게시물 제목 85,이것은 게시물 85의 간단한 설명입니다.,작성자 21,110,14,학생
게시물 제목 86,이것은 게시물 86의 간단한 설명입니다.,작성자 9,4,38,학생
게시물 제목 87,이것은 게시물 87의 간단한 설명입니다.,작성자 15,190,3,부동산
게시물 제목 88,이것은 게시물 88의 간단한 설명입니다.,작성자 3,19,34,부동산
게시물 제목 89,이것은 게시물 89의 간단한 설명입니다.,작성자 19,95,8,학생
게시물 제목 90,이것은 게시물 90의 간단한 설명입니다.,작성자 26,64,26,부동산
게시물 제목 91,이것은 게시물 91의 간단한 설명입니다.,작성자 20,128,20,부동산
게시물 제목 92,이것은 게시물 92의 간단한 설명입니다.,작성자 25,192,2,리뷰
게시물 제목 93,이것은 게시물 93의 간단한 설명입니다.,작성자 27,101,4,학생
게시물 제목 94,이것은 게시물 94의 간단한 설명입니다.,작성자 2,186,1,부동산
게시물 제목 95,이것은 게시물 95의 간단한 설명입니다.,작성자 16,85,14,리뷰
게시물 제목 96,이것은 게시물 96의 간단한 설명입니다.,작성자 15,120,30,부동산
게시물 제목 97,이것은 게시물 97의 간단한 설명입니다.,작성자 18,63,17,리뷰
게시물 제목 98,이것은 게시물 98의 간단한 설명입니다.,작성자 15,27,19,리뷰
게시물 제목 99,이것은 게시물 99의 간단한 설명입니다.,작성자 19,195,19,학생
게시물 제목 100,이것은 게시물 100의 간단한 설명입니다.,작성자 17,72,3,학생
게시물 제목 101,이것은 게시물 101의 간단한 설명입니다.,작성자 16,72,6,부동산
게시물 제목 102,이것은 게시물 102의 간단한 설명입니다.,작성자 9,151,5,학생
게시물 제목 103,이것은 게시물 103의 간단한 설명입니다.,작성자 18,29,33,학생
게시물 제목 104,이것은 게시물 104의 간단한 설명입니다.,작성자 12,193,24,부동산
게시물 제목 105,이것은 게시물 105의 간단한 설명입니다.,작성자 20,42,46,부동산
게시물 제목 106,이것은 게시물 106의 간단한 설명입니다.,작성자 30,80,5,학생
게시물 제목 107,이것은 게시물 107의 간단한 설명입니다.,작성자 22,1,49,리뷰
게시물 제목 108,이것은 게시물 108의 간단한 설명입니다.,작성자 13,138,41,리뷰
게시물 제목 109,이것은 게시물 109의 간단한 설명입니다.,작성자 21,138,35,학생
게시물 제목 110,이것은 게시물 110의 간단한 설명입니다.,작성자 2,119,47,학생
게시물 제목 111,이것은 게시물 111의 간단한 설명입니다.,작성자 14,40,19,학생
게시물 제목 112,이것은 게시물 112의 간단한 설명입니다.,작성자 5,73,15,학생
게시물 제목 113,이것은 게시물 113의 간단한 설명입니다.,작성자 1,173,26,리뷰
게시물 제목 114,이것은 게시물 114의 간단한 설명입니다.,작성자 27,16,33,리뷰
게시물 제목 115,이것은 게시물 115의 간단한 설명입니다.,작성자 6,93,25,부동산
게시물 제목 116,이것은 게시물 116의 간단한 설명입니다.,작성자 24,14,19,리뷰
게시물 제목 117,이것은 게시물 117의 간단한 설명입니다.,작성자 14,61,24,리뷰
게시물 제목 118,이것은 게시물 118의 간단한 설명입니다.,작성자 1,190,3,리뷰
게시물 제목 119,이것은 게시물 119의 간단한 설명입니다.,작성자 20,144,21,학생
게시물 제목 120,이것은 게시물 120의 간단한 설명입니다.,작성자 27,25,7,부동산
게시물 제목 121,이것은 게시물 121의 간단한 설명입니다.,작성자 10,79,31,부동산
게시물 제목 122,이것은 게시물 122의 간단한 설명입니다.,작성자 20,186,3,리뷰
게시물 제목 123,이것은 게시물 123의 간단한 설명입니다.,작성자 20,183,47,학생
게시물 제목 124,이것은 게시물 124의 간단한 설명입니다.,작성자 20,134,1,부동산
게시물 제목 125,이것은 게시물 125의 간단한 설명입니다.,작성자 30,4,5,리뷰
게시물 제목 126,이것은 게시물 126의 간단한 설명입니다.,작성자 8,170,29,학생
게시물 제목 127,이것은 게시물 127의 간단한 설명입니다.,작성자 16,97,0,리뷰
게시물 제목 128,이것은 게시물 128의 간단한 설명입니다.,작성자 2,90,11,부동산
게시물 제목 129,이것은 게시물 129의 간단한 설명입니다.,작성자 6,127,17,부동산
게시물 제목 130,이것은 게시물 130의 간단한 설명입니다.,작성자 25,156,43,학생
게시물 제목 131,이것은 게시물 131의 간단한 설명입니다.,작성자 17,193,38,학생
게시물 제목 132,이것은 게시물 132의 간단한 설명입니다.,작성자 19,102,47,리뷰
게시물 제목 133,이것은 게시물 133의 간단한 설명입니다.,작성자 20,136,20,리뷰
게시물 제목 134,이것은 게시물 134의 간단한 설명입니다.,작성자 15,55,8,리뷰
게시물 제목 135,이것은 게시물 135의 간단한 설명입니다.,작성자 6,46,42,리뷰
게시물 제목 136,이것은 게시물 136의 간단한 설명입니다.,작성자 17,69,5,부동산
게시물 제목 137,이것은 게시물 137의 간단한 설명입니다.,작성자 28,137,0,리뷰
게시물 제목 138,이것은 게시물 138의 간단한 설명입니다.,작성자 26,190,29,부동산
게시물 제목 139,이것은 게시물 139의 간단한 설명입니다.,작성자 21,121,5,학생
게시물 제목 140,이것은 게시물 140의 간단한 설명입니다.,작성자 7,121,12,학생
게시물 제목 141,이것은 게시물 141의 간단한 설명입니다.,작성자 30,148,50,학생
게시물 제목 142,이것은 게시물 142의 간단한 설명입니다.,작성자 16,129,46,부동산
게시물 제목 143,이것은 게시물 143의 간단한 설명입니다.,작성자 28,161,10,학생
게시물 제목 144,이것은 게시물 144의 간단한 설명입니다.,작성자 16,106,12,리뷰
게시물 제목 145,이것은 게시물 145의 간단한 설명입니다.,작성자 8,59,26,부동산
게시물 제목 146,이것은 게시물 146의 간단한 설명입니다.,작성자 29,36,20,학생
게시물 제목 147,이것은 게시물 147의 간단한 설명입니다.,작성자 3,51,41,부동산
게시물 제목 148,이것은 게시물 148의 간단한 설명입니다.,작성자 29,79,33,부동산
게시물 제목 149,이것은 게시물 149의 간단한 설명입니다.,작성자 6,88,18,리뷰
게시물 제목 150,이것은 게시물 150의 간단한 설명입니다.,작성자 8,44,40,학생